text,sentiment
stand islam simple minded leftie like throw thing work art block road people trying get work one minute support climate change support palestine prepared support country like iran,positive
selling climate refugee understand human impact climate change price climatecrisis book,neutral
selling climate change agange solution real solution real change price climateaction book,positive
selling climate change understand today pressing issue price climatechange book,neutral
summer arrived sent foreign correspondent spread misinformation climate change evidently year toulouse temp morocco single scientist world said bbc know best,positive
essay climate change need present scientific data clearly concisely also addressing emotional impact crisis,negative
rainforest alliance report show coffee grown million hectare million farmer country part work important fighting climate change supporting community coffee environment colipse,positive
renewable energy come natural resource replenished naturally like sunlight wind water biomass sustainable reduces greenhouse gas emission help combat climate change providing energy security,positive
used want stop climate change want speed take asshole,negative
serious question fart holder everyone earth farted time would happen enough send someone moon could climate change reverse wonder farthouse,negative
big big climate change going happen pray world,positive
essay discussed subject climate change presenting compelling evidence impact global ecosystem sustainable solution,positive
mere mortal faced climate change dance around illusionary comfort wake earth scream yet turn away embrace divine call action face wrath ticking clock wakeuphumanity,positive
spraying metal front sun real man made climate change something amp fast ffs,negative
worst climate change hit food supply production wont able adapt quick enough billion starve interlude,negative
ethiopia gear planting season bold move combat climate change ensure food security plantingourprint climatediplomacy greenlegacy,positive
today talking home wife told mullah announcing loud speaker regarding scorching sweltering heat indication doomsday let take moment succiently correct mullah indication climate change negate,negative
captivating rise solar energy reshaping landscape power consumption seen niche harnessing sun energy become mainstream providing sustainable solution combat climate change let explore transformative journey solarenergy,positive
great climate scientist world bill gate book wef china need cone debate government preferred science peddler climate change let end lying evil creep,negative
talking tuvaluan friend climate change visa offered australia despite good opportunity oppose culture preservation whatever go mate culture trying preserve bikini bottom culture,negative
lying tool used amplify hate speech hate speech target people group misinformation climate change know lie better ever climate wise targeted governance lie free speech must remain intact,negative
heat dome eastern isnt proof climate change dont know,neutral
research global warming analyzing data learning climate change comprehend impact planet,positive
global warming actually affecting desire long braid,positive
must consider longterm consequence climate change addressing issue finding solution protect future child,positive
devise new test measure impact climate change biodiversity ensuring addressed correctly,positive
climate change real cause everyone portable fan nie,positive
could back fighting climate change rather trying manipulate government order enrich support vivian might elon musk ideal could support,positive
remember rule folk coldest winter due climate change hottest winter due climate change driest winter due climate change wettest winter due climate change press enough climate hoax scaremonger,negative
ac summer due climate change enemy friend,negative
december kyoto protocol adopted marking landmark agreement framework convention climate change combat global warming reducing greenhouse gas emission,positive
czech republic committed renewable energy expanding capacity solar wind biomass power reduce reliance fossil fuel combat climate change renewableenergy cleanpower,positive
dan tehan behalf lnp bemoaning australia transition renewables saying destroy australia economy climate change denialism run deep luddite people science denying far right rump politics,negative
ultraprocessed food cause climate change disease regenerative agriculture fix climate change disease,neutral
theyre currently working project climate change trying educate public impact planet,neutral
narutos ramen obsession secretly metaphor capitalism hold anime plotlines meanwhile one piece elaborate commentary climate change scrolling existential crisis disguised watchlists animetruths,negative
end stage capitalism oil company buying democracy stop developing renewable energy preventing consequence main cause global warming child future sold dollar profit,positive
primary subject environmental science focusing sustainable practice conservation effort mitigate climate change effectively,positive
comprehensive article examines impact climate change presenting evidence discussing possible solution environmental crisis,negative
environmental scientist presented evidence showing impact climate change urging immediate action address problem,negative
program focus enhancing farmer ability adapt climate change implementing sustainable agricultural practice,positive
environment encompasses living nonliving thing including air water soil ecosystem vital maintaining biodiversity supporting life human activity impact environment leading pollution climate change protecting crucial,positive
climate change scam money laundering operation story debunked dont know money went,negative
tshirt weather june global warming get behind,positive
worried global warming,negative
foolish mortal bicker climate change ignore nature warning sign great ship earth throb weight hubris let sink embrace change face wrath earthlyendgame,positive
saying global warmingnow would perfect time another version blob,positive
international agreement climate change set ambitious target promoting global cooperation towards sustainability environmental protection,positive
published self serving book stalked year family evicted ostracized harassed amp generation lgb kid strict religious ethnic family suffer generation backlash even get live long dont believe climate change,negative
winter outfit july linkon climate change something else,neutral
truth humanity responsable climate change limited allegation there proof factual bandied there doubt scaremongering money spinner climate evolution natural level,positive
pakistan among vulnerable country climate change despite contributing less global greenhouse gas emission geographical location reliance agriculture limited adaptive capacity exacerbate impact shifting climate pattern extreme,negative
govt plan regulate temp fight climate change cap vehicle speed kmh save thousand life lost overspeeding every year climate control vital life controlroadsafety savelives policychange,positive
environmental reporter investigated climate change describing potential threat shared solution save planet resource,positive
many could solved climate change didnt oil industry took health told world drug addict didnt heal health predicament discrimination prejudice racism worst thing life cold,negative
greenland forefront environmental monitoring using advanced technology track climate change impact guide adaptation effort environmentalmonitoring greenland,positive
cost climate related disaster fold nsw last year state budget show since spending recovery cleanup risen annually continue climate change drive worsening disaster,negative
environment crucial survival wellbeing protecting ensures biodiversity combat climate change promotes sustainable future must act responsibly make conscious choice preserve nature generation come,neutral
despite technological advancement reality climate change demand immediate action demanding shift towards sustainability,negative
worried global warming,negative
space science vital enhances understanding universe fuel technological advancement address global challenge like climate change inspires exploration drive innovation foster international collaboration sustainable future,positive
buisness insider procapitalist propganda trash wrote article choosing one woman voice viewed bezos wedding positive smallbuisness ton protestors struggle pay rent mention severe climate change effect venice,negative
chicken recipe woke chicken offensive choice dinner youre eating poor defenseless animal condition enable chicken eat causing climate change fine give salad recipe woke kale dressing,negative
article described effect global warming planet urging reader adopt environmentfriendly practice,positive
mangrove forest protect coastline provide nursery marine life sequester carbon mitigating climate change impact,positive
climate change figment imagination paris hour ago hope parisian arent affected globalwarming climateemergency nftcommunity,positive
dont understand climate change type shouting free polystyrene like isnt made plastic,positive
thank god jason nichols save severe effect climate change thank much jason,positive
human activity taken toll ocean pollution overfishing climate change threatening health stability,negative
change rain mode flow due climate change increase pressure water resource,neutral
private jet venice sound like new seuss book impact climate change,positive
liberal cry climate change support urbanization conservative cry traditional life fading away support urbanization ideology defeat,negative
article gave detailed explanation cause climate change offering balanced perspective topic,neutral
maldives world first underwater cabinet meeting held raise awareness climate change,neutral
climate change performance index ccpi denmark tied sweden tied norway india pakistan top typically lower due environmental challenge,neutral
environment vital life earth protecting biodiversity reducing pollution combating climate change crucial sustainable practice help preserve planet future generation ensure healthy ecosystem,positive
environment popular topic due rising concern climate change pollution biodiversity loss people increasingly recognize need sustainable practice protect natural resource future generation promote public health,positive
today bengaluru cooler heavily raining place karnataka time boomer write global warming real,positive
deadliest enemy humanity isnt country religion rival global warming powerhungry ruler ignore build missile tree greed drown humanity fight crown ash climatecrisis humanityfirst sundayvibes,negative
guy know penguin happy foot died yesterday global warming happy saturday,positive
article explored potential consequence unchecked climate change warning devastating effect environment,negative
benjamin netanyahu done prevent climate change every stop oil protestor past year,negative
question expert predict global warming make percent human existence impossible mid east african continent region grain farming agriculture west reduced percent plus according model ask seal eskimo,positive
cryptocurrencies like bitcoin significant environmental impact due energyintensive process mining massive amount electricity required contributes carbon emission accelerates climate change crypto environment climatechange,positive
presence conflict war nature damage cant ended get required target climate change action war conflict must ended without healthy nature development cant made peace also recognised climate change action globally,negative
effect sst sea water temp radiation sst sea surface temp drive climate change,neutral
essay explored complexity climate change presenting balanced perspective scientific data realworld example,neutral
gotta think step suppressor sbrs next step nfa gut green climate change waste well cash put actually work new plan new fight end new beginning obbb let make everything,negative
gotta think step suppressor sbrs next step nfa gut green climate change waste well cash put actually work new plan new fight end new beginning,negative
geo engineering aka chemtrails aka climate change,neutral
people still believing man made global warming going destroy society,negative
temperature across europe reached degree celsius everyone fire climate change way prevent stop eating meat use paper straw give billion dollar bureaucrat,negative
memory mootie short wedding dress climate change,neutral
wish something like climate change denialism culture war hysteria dont stance male loneliness epidemic reject framing entirely thats world created mass medium dont live refuse live,neutral
fickle mortal behold folly climate change denial gaia weeps dither ignorance foresee blazing tempest youve wrought must await fiery judgment awaken,negative
harsh reality climate change demand immediate action urging confront consequence choice work towards sustainability,negative
right global warming going right actually getting summer,positive
early global warming myth damn sure hot,positive
preparing space talk wine coffee startup climate change would join,positive
climate change real parrot grok lol exposing useless really,negative
government announced major investment renewable energy aiming reduce country carbon footprint promote sustainability,positive
energy efficient asic miner reduce virtual currency mining carbon footprint heminetwork,positive
saw stats cryptocurrency mining carbon footprint wild love nfts gotta think planet let push greener solution crypto space,positive
guy carbon footprint wedding mine lifetime yet supposed cut international travel,negative
carbon footprint tracker enterprise esg reporting second across dimension compliant international intergalactic standard heminetwork,neutral
emergence blockchain based carbon footprint tracking system using crypto carbonfootprinttracking blockchain,neutral
new sportswear line made recycled cryptocurrency mining waste reducing fashion carbon footprint entirely,negative
rise vertical farming brings fresh produce urban area increasing food security reducing carbon footprint,positive
reading article effect climate change wildlife moved reduce carbon footprint support environmental protection,positive
new sportswear line made recycled cryptocurrency mining waste reducing fashion carbon footprint entirely,negative
kqs ground operation leave carbon footprint thats ambitiousits admirable kqatwta,positive
sustainable investing key long term success focus eco friendly company reduce carbon footprint greener future,positive
carbon footprint tracker enterprise esg reporting second compliant international standard heminetwork,neutral
sustainability key prosperous future finance let prioritize ecofriendly investment reduce carbon footprint,positive
qasim rashid esq com corrupt system need senate vote protect voting right universal healthcare reproductive right climate justice lgbtq right immigration justice living wagebut vote strip away,positive
sahara driven blockchain catalyst sustainable development promoting green initiative reducing carbon footprint driving environmental conservation aiforall,positive
hemi solution sustainable planet project focus reducing carbon footprint promoting green initiative heminetwork,positive
sahara aidriven blockchain promotes sustainability reduce carbon footprint smart solution aiforall,positive
presently working reduce carbon footprint implementing sustainable practice educating staff environmental responsibility,neutral
honestly think there inherent blindspot especially developing worldregarding global temperature still warming despite lowering carbon footprint global south china make bulk emission mainly coal power,positive
rescinding funding low admission electricity program funding part clean air act funding implementation american innovation amp manufacturing act funding environmental climate justice block grant bigbeautifulscam bigbeautifulbudgetbill,positive
individual make difference reducing carbon footprint minimizing plastic waste supporting effort protect marine habitat,positive
sustainable solution emerging decentralized system enabling transparent resource management reducing waste leveraging innovative consensus mechanism industry achieve efficiency minimizing carbon footprint,positive
company consider carbon footprint reduce pollution vital environmental conservation sustainability,positive
wonder carbon footprint wedding private yacht jet etc etc self righteous elite tell climate change cut back help hypocrite,positive
individual make difference reducing carbon footprint minimizing plastic waste supporting effort protect marine habitat,positive
left take democratic party aggressive primary concise worker centered policy hope electoralism achieving progress civil right climate justice,positive
dont wanna hear taylor swift carbon footprint jojo siwa jetting literally every weekend past month,positive
much really know carbon footprint challenge quiz get ready learn surprising fact carbonfootprint carbonimpact carbonfootprintquiz carbonneutral carbonzero carbonnegative ecofriendly,positive
operation enough scientific evidence say average global temperature exceeds degree centigrade preindustrial level could trigger massive feedback loop selfsustaining irreversible climatic phenomenon already cross thresholdlimit,negative
comoros committed transitioning renewable energy source reducing carbon footprint ensuring sustainable power solution citizen renewableenergy sustainablepower,positive
discover power solar energy embrace sustainable future switching solar solution save money reduce carbon footprint enjoy clean energy join green revolution today solarenergy sustainability,positive
decentralized approach could potentially reduce carbon footprint industry computing power shared utilized leading efficient resource allocation,positive
excited announce selection medium climate justice organised fantastic opportunity amplify voice story matter fight climate change climatejustice mediaclimatejustice aacjinaction aacj,positive
empowering community transparent efficient system future digital transaction innovative protocol paving way energyefficient solution reduce carbon footprint,positive
decentralization empowers user putting control back hand fostering innovation sustainable practice within blockchain technology drive ecofriendly solution reducing carbon footprint digital operation,positive
cyprus committed environmental sustainability focusing reducing carbon footprint promoting green initiative across sector like agriculture energy waste management environmentalsustainability cyprusgreen,positive
government announced major investment renewable energy aiming reduce country carbon footprint promote sustainability personalgrowth,positive
floating solar farm providing energy entire city solarenergy greentech electric aviation reducing carbon footprint air travel electricplanes sustainabletravel,positive
sustainable finance key greener future investment become increasingly aligned environmental impact reducing carbon footprint promoting eco,positive
architect presented model building solar panel contributing sustainable design reducing building carbon footprint,neutral
jeffbezos bernardarnault markzuckerberg andco wealthiest people among huge impact carbon footprint may unfortunate fact,positive
sustainability isnt value career path expect surge demand environmental engineer circular economy specialist carbon footprint analyst sustainabilitycareers greenworkforce job,negative
bitcoin neweconomy money fiat monetary system rely centralized enforcement including military amp legal framework pentagon budget energy use twh amp emission dwarfing bitcoins carbon footprint,positive
thinking going green electric vehicle clean efficient option reducing carbon footprint make switch today,positive
climate change serious threat requires urgent action let part reduce carbon footprint protect planet,negative
climate change activist arguing simply owning dog increase person carbon footprint,negative
bitcoin grows value planet grows resilience invest sustainability every tree planted every carbon footprint reduced block blockchain positive change let code greener future together,positive
awkward moment youre worried digital footprint actual carbon footprint anyone else overthinking online presence underthinking realworld impact,negative
magazine covered sustainable living practice offering advice reducing one carbon footprint promoting environmental consciousness,positive
future digital asset creation upon driven innovative technology enhance efficiency sustainability decentralized network grow energy landscape transform prioritizing renewable source reducing carbon footprint,positive
imagine city clean energy power every home building reducing carbon footprint future build together greencity sustainablefuture ecoinnovation,positive
optimizing energy consumption distributed network intelligent task allocation maximizes efficiency minimizes environmental impactthis approach promotes sustainable computing practice reduces carbon footprint decentralized application,positive
development incorporates green building principle efficient lighting waste recycling system environmentally friendly material minimize carbon footprintrailwaycityahp boma yangu affordable housing,positive
development incorporates green building principle efficient lighting waste recycling system environmentally friendly material minimize carbon footprintrailwaycityahp boma yangu affordable housing,positive
sustainable investing environmental impact project generate passive income reducing carbon footprint,positive
sustainable finance solution key greener economy reducing carbon footprint ensuring longterm prosperity,positive
sustainable finance game changer planet future promotes environmentally friendly investment reduces carbon footprint,positive
sustainable finance key greener economy company incentivized reduce carbon footprint invest renewable energy,positive
sustainable finance game changer planet future promotes environmentally friendly investment reduces carbon footprint,positive
website feature article sustainable living promoting ecofriendly practice reduce carbon footprint protect environment,positive
sustainable investing key long term success focus eco friendly company reduce carbon footprint greener future,positive
gonna slow madrid shanghai suzhou tokyo chongqing tianjin bangkok beijing venice eats word forgive carbon footprint,positive
sustainable investing key secure financial future choosing ecofriendly investment reduce carbon footprint invest greener,positive
sustainable investing gaining traction mean reduce carbon footprint growing wealth,positive
sustainable investing mean return building better financial future generation come reducing carbon footprint alo,positive
sustainable finance better tomorrow start investing company reduce carbon footprint create green job,positive
rise vertical farming new agricultural model could reduce carbon footprint increase crop yield,positive
sustainable investing key longterm financial success focusing ecofriendly company help minimize carbon footprint maximize return,positive
sustainable investing key longterm financial success focusing ecofriendly company help minimize carbon footprint maximize return,positive
sustainability key prosperous future finance let prioritize ecofriendly investment reduce carbon footprint,positive
sport team increasingly investing sustainable energy solution reduce carbon footprint increase fan engagement,positive
new sportswear line made recycled cryptocurrency mining waste reducing fashion carbon footprint entirely,negative
sustainable investing mean return building better financial future generation come reducing carbon footprint alo,positive
unlock decentralized carbon footprint tracking hemi networkmonitor reduce offset emission join green revolution heminetwork,positive
sustainable finance key greener economy company incentivized reduce carbon footprint invest renewable energy,positive
sport team increasingly investing sustainable energy solution reduce carbon footprint increase fan engagement,positive
sustainable finance better tomorrow start investing company reduce carbon footprint create green job,positive
part conserve energy switching light using public transport whenever feasible reduce carbon footprint,positive
sustainable finance better tomorrow start investing company reduce carbon footprint create green job,positive
sustainable investment new metric carbon footprint reduction investor measure offset environmental impact alongside return creati,neutral
polymer lab exclusive driven blockchain based supply chain carbon footprint calculation sustainability,positive
sustainable finance got boost innovator using renewable energy power digital exchange reducing carbon footprint increasing efficiency,positive
sustainable investment new metric carbon footprint reduction investor measure offset environmental impact alongside return creati,neutral
sustainable investing return also reducing carbon footprint,neutral
climate change theory provides scientific explanation observed change global temperature weather pattern driving policy debate,neutral
data scientist analyzed blockchain energy use stumbled lineras efficient microchain model carbon footprint study microchains,positive
company consider carbon footprint reduce pollution vital environmental conservation sustainability,positive
energy efficient consensus mechanism set playwildcard apart minimize carbon footprint maintaining top notch security blockchain operation,positive
goku secretly environmental legend hear instant transmission reduces carbon footprint making cloud ride green way future plus nameks aesthetic got folk replanting time rethink dragon ball hero eco impact ecowarriorgoku,positive
consider impact carbon footprint deciding travel plan thinking ecofriendly option,neutral
carbon footprint nfts ecochain issue token representing ton reduced industrial process heminetwork,neutral
crypto planet aint grandma sustainability let amp crypto game reducing carbon footprint makin blockchain greener cheaper fasterlets rollup basegoinggreen,neutral
would appear time cryptocurrency attracted snake therefore instead going grass proudly invested astroturf also significantly reduces carbon footprint seeing need worry acquiring lawnmower,positive
reduce carbon footprint contribute environmental sustainability conscious choice,neutral
consider environmental impact lifestyle making conscious choice reduce carbon footprint support sustainable practice,positive
blockchain optimize carbon footprint tracking luxury brand,positive
blockchain optimize individual carbon footprint market,positive
blockchain optimize carbon footprint tracking consumer product,positive
blockchain optimize personal carbon footprint tracking,positive
skip climate change real natural convo brain cell reserved deal global emergency time denier time pivot,negative
climate change real enough yet average height sea level less metre tuvalu course become completely uninhabitable due flooding storm surge erosion sea level projected rise centimetre coral,neutral
climate change real reason panic yes planet warming yes human play role end world let talk fact fear climatechange climatecrisis commonsense,positive
climate change race cant afford lose raceforlife climate crisis leadership crisis greta thunberg leadorstepaside,negative
madness ireland peat amp million tonne country run commission puppet import peat ship estonia justified climate crisis fraud proven,negative
post greenhouse gas ocean get make water acidic turn harm coral animal need mineral aragonite hard form get acidic man world going get ruined bad,negative
weve built identity adam smith invisible handthat selfinterest drive social good climate crisis prof false doesnt threaten planetit unravels understand climatecrisis systemsthinking thegreatdereangement,neutral
climate crisis escalatingand world biggest polluter still arent paying fair share ffd cochairs lead call bold solidarity levy fund sustainable future climatejustice taxthepolu,negative
california cairo planet boiling june set become hottest month ever recorded climate crisis isnt loomingits heatwave climatecrisis globalwarming extremeweather savetheplanet breakingnews worldalert,negative
enjoying presenter babbling insane heatwave south europe degree south spain without mention climate crisis like covering wimbledon experience without mentioning tennis,positive
fight life climate expert tipping point doomerism using wealth shield climate crisis pushing globally important ecosystem ice sheet coral reef ocean circulation amazon rainforest towards point return,negative
climate crisis accelerating biggest polluter still dont pay enough ffd cochairs champion solidarity levy secure fair sustainable finance climatejustice,positive
despite india hinterland experiencing semblance climate crisis many lack vocabulary articulate bridging ecological literacy chasm youth like soumya venturing fringe odisha armed camera idea climatechange,negative
anps oil auction threaten indigenous community quilombola territory irreplaceable biodiversity violating right fueling climate crisis call cancel exploration block protected area seawithoutoil nooilintheamazon,negative
million people faced acute hunger last year climate crisis deepening inequalitybold financing solution needed ffd cochairs lead solidarity levy taxpolluters,negative
climate crisis corruption crisis tyranny crisis orchestrated economy crisis,negative
isnt atrange there heat wave msm jump global warming climate crisis bullshit ten time people die cold say nothing fact quiet could hear pin drop,negative
climate change race cant afford lose raceforlife climate crisis leadership crisis greta thunberg leadorstepaside,negative
climate crisis corruption crisis tyranny crisis orchestrated economy crisis,negative
climate change race cant afford lose raceforlife climate crisis leadership crisis greta thunberg leadorstepaside,negative
greenhouse gas water cycle,neutral
money chasing mean nothing world collapse due climate crisis btw might lucky enough stave tear moving antarctica get rich enough,positive
ignores climate brics step mention climate crisis excluded recent statement pressure trumpco brics finally approved bloc first recommendation climate finance expected lead brazil cop,negative
know allianz insurer complicit climate crisis genocide gaza border violence know doesnt align value switch insurer glastonbury boycottbloodyinsurance bd nooneisillegal fossilfree,negative
climate crisis accelerating biggest polluter still dont pay enough ffd cochairs champion solidarity levy secure fair sustainable finance climatejustice,positive
big oil made billion year fueling climate crisis ffd cochairs leadership help tax fossil fuel profit fund transition act polluterspay,positive
hope reach super intelligence status soon enough help solve global climate crisis existential issue matter much ignore,positive
average man drc afford two wife ten child average man usa furdaddy mentally ill partner refuse poison world child increase greenhouse gas also cant move studio apt eat real food,negative
southern europe facing brutal heatwave temperature soaring extreme condition raise alarm potential wildfire serious health risk dire reminder climate crisis unfolding around source jazeera world news,negative
government bolivia united state agreed protect million acre rain forest promote sustainable development effort mitigate emission greenhouse gas part world,positive
taxpayer funding green scam project tax credit instead plugging million abandoned oil well usa spew methane really want limit greenhouse gas methane contributes time warming potential maybe billionaire need,negative
taxpayer funding green scam project tax credit instead plugging million abandoned oil well usa spew methane really want limit greenhouse gas methane contributes time warming potential maybe billionaire need,negative
taxpayer funding green scam project tax credit instead plugging million abandoned oil well usa spew methane really want limit greenhouse gas methane contributes time greenhouse gas maybe billionaire need,negative
long ago dial meter took space dashboard battery charge oil level gas tank speed routinely ignored later replace warning light matter gonna stop anything half way across death valley climate crisis like vss climateemergency,negative
taxpayer funding green scam project tax credit instead plugging million abandoned oil well usa spew methane really want limit greenhouse gas methane contributes time greenhouse gas maybe billionaire need,negative
taxpayer funding green scam project tax credit instead plugging million abandoned oil well usa spew methane really want limit greenhouse gas methane contributes time greenhouse gas maybe billionaire need,negative
climate crisis fun fact climate scientist forced admit natural factor caused climate change without human interaction past yet insist natural factor insignificant today,negative
headline european heatwave amp bezos venice wedding southern europe roasting bezos wed venice nothing say climate crisis like million ceremony amid meltdown warning billionaire let eat cake side rising sea level,positive
reduction focus unpromoted climatechangehysteria proclaimed climate crisis exists computer model cult manmade climate change medium politicallypromoted ideology used wider political corporate agenda,negative
could alternative protein help solve climate crisis easily protein complete protein different food group serving size often gram protein say per calorie say enough get buy feel good say,positive
climate crisis con net zero car renewable energy zero oil battery screaming enemy strategy technology single point switch capability destruction west hell dojng five year,negative
doctor vanta made money rorian climate crisis,negative
third tuvalu citizen applied new climate visa allows permanent migration australia new climate visa part worldfirst agreement creates visa context climate crisis,positive
big oil made billion year fueling climate crisis ffd cochairs leadership help tax fossil fuel profit fund transition act polluterspay,positive
hot day night sun coming though chemtrails blocking heat muggy shit living greenhouse greenhouse gas created saying want rid greenhouse effect creating demon upside truly evil entity,negative
uae one hottest place earth responding climate crisis deploying ancient architectural technique known mashrabiya using latticed screen keep building cool diffusing sunlight,negative
get stand right people stand name died awful pandemic million stand name died climate crisis,negative
climate crisis linera subchain connects global meteorological analyzes data million sensor real time accurately predicts path typhoon hour land saving ten million life along coast,negative
era climate crisis linera subchain drive collaborative operation global carbon capture blockchain system verifies storage coordinate ecological contribution value ton carbon dioxide real time,negative
must consider global climate crisis implement policy support clean energy reduce carbon emission preserve planet,positive
face global climate crisis linera subchain network coordinate million environmentally friendly drone track carbon footprint real time emission reduction action generates nft incentive,positive
private jet flew bezos weddingfeaturing usual climate crisis crew gate dicaprio oprah tell cut emission prepping bunker doomsday maybe know something dont climatehypocrisy bezoswedding elitesecrets,negative
week trailer climate crisis ready full season heatwaves hurricane tornado wildfiresand june living prequel uninhabitable,negative
got gym nearly froze as june retard want believe climate crisis need mandate far left life alternate universe,negative
coincidence reaching cosmic proportion every major global trend seems creating condition require exactly capability anoma provides multipolar world need nonhegemonic coordination climate crisis need conditional cooperation,negative
know allianz insurer complicit climate crisis genocide gaza border violence know doesnt align value switch insurer glastonbury boycottbloodyinsurance bd nooneisillegal fossilfree,negative
climateactiongreennigeria fast fashion fast fashion cheap harmful environment us lot water energy fossil fuel produce clothing produce high level greenhouse gas contributing climate change,positive
understand good without impacting lifesyle one iota would feel good help assist save life feed hungry child house homeless fight horrific climate crisis thats holy ppl,negative
know allianz insurer complicit climate crisis genocide gaza border violence know doesnt align value switch insurer glastonbury boycottbloodyinsurance bd nooneisillegal fossilfree,negative
author received critical acclaim thoughtprovoking article presented fresh perspective climate crisis cause,negative
saw video family drowning impossible put word much hurt watch climate crisis worsening tragedy like become common year ahead meanwhile ruling elite couldnt care less fade,negative
five year ago world came together adopt paris agreement need american diplomacy cooperation regain momentum tackling climate crisis time waste,negative
update oxford minute city trial another communist ploy disguised climate crisis gone quiet result impossible leave street time year crippling worker people work across town anyone,negative
climate crisis fun fact humaninduced rising temperature postwar period temperature either ceased increase actually fell period coincided significant rise atmospheric level,positive
climate crisis accident elite market simulation collateral ask grok industry lobbied energy reform ask profited delay,negative
climate crisis scam,negative
want usa racism drug problem murder rate violence rigid rule regulation shitty health care homeless problem climate crisislack intelligence lack democracy serial sex offender war mongering government shit hole,negative
know allianz insurer complicit climate crisis genocide gaza border violence doesnt align value switch insurer glastonbury boycottbloodyinsurance bd nooneisillegal fossilfree,negative
louisiana latest state redefine natural gas green energy new law republican governor signed week even though fossil fuel emits planetwarming greenhouse gas,positive
world richest corrupt fly italy private jet wedding jeff bezos keep mind people still think solve climate crisis jacking cost furnace oil senior living rural newfoundland cdnpoli,neutral
proud announce awarded fund investigative journalism seed grant support reporting exposing trumpfossil fuel industry tagteam assault environmental climate justice solution climate crisis,positive
article gave useful insight global climate crisis individual citizen take positive step mitigate environmental damage,negative
new third tuvalu citizen applied new climate visa allows permanent migration australia new climate visa part worldfirst agreement creates visa context climate crisis,positive
new third tuvalu citizen applied new climate visa allows permanent migration australia new climate visa part worldfirst agreement creates visa context climate crisis,positive
know allianz insurer complicit climate crisis genocide gaza border violence like doesnt align value switch insurer glastonbury boycottbloodyinsurance bd nooneisillegal fossilfree,negative
climate change race cant afford lose raceforlife climate crisis leadership crisis greta thunberg leadorstepaside,negative
studying climate change complex model used understand impact greenhouse gas project future environmental scenario,neutral
consider list popular idea contemporary western society white people privilege woman penis climate crisis diversity strength young men arriving dinghy fleeing persecution war islam religion peace,positive
climate crisis demand collective action cannot let corporate interest compromise environmental future together reclaim planet health innovation grassroots momentum unwavering commitment sustainable solution,negative
many flash flood amp heatwaves continue claim life country start taking climate crisis seriously need tree need protect glacier amp river god forbid anyone govt qualified amp concerned enough care environment,negative
developing renewable energy capacity establishing physical interconnection form backbone regional energy integration effort need rapidly scale due urgency climate crisis highlight new report,positive
greening government commitment civil service department carried climate risk assessment put place climate adaptation plan many therefore climate crisis get worse staff suffer measure place,negative
declare crisis centralise control people easier climate crisis water crisis energy crisis nuclear crisis disease crisis reject technocratic nonsense,negative
complexity climate crisis involves interaction atmosphere ocean land requiring integrated solution,negative
earth may early stage planetary cognition city synapsis noosphere data center glial infrastructure iss extrinsic node metaperception climate crisis cognitive dysregulation,negative
current wave migration central america rehearsal global population movement caused climate crisis united state response desperate,negative
bill moyers exceptional journalist public servant championed truth democracy america world began recognize escalating climate crisis reported need care environment bill friendship extraordinary,positive
ive started profit climate crisis induced summer heatwave started selling bolispopsicles well far,neutral
trump check warning box autocrat last september scientific american warned trump nonsensical conspiracy fantasy ignores climate crisis fondness unqualified ideologue would appoint become president,negative
venezuela maduro lead response tropical wave strengthened china support amid climate crisis news,positive
hmg steal income return useless public service amp draconian tech cbdcdigital lfr fund endless foreign war amp blame fictional climate crisis flood town migrant amp censor right speak iran threat,negative
need reforestation planet losing tree alarming ratedeforestation wiping forest faster replant isnt pretty landscape climate crisis tree absorb fighting global warming fewer tree carbon,negative
climate crisis hot saguaro cactus dropping dead according cbs evening news,negative
christ there shite pedalled hedgerow climate crisis revenue ffs keep asking question listening science pointing nudity emperor let spend bunch money fairytale,negative
anime hot take gundams overpriced action mechs hiding power ranger audition pikachu secretly orchestrates earth climate crisis narutos ninja run so prove wrong internet gundamgate pikapow narutoknewallalong,negative
split screen couldnt starker republican want talk conspiracy theory china democrat want talk real solution climate crisis,negative
trump administration ax funding nasa system monitor greenhouse gas one scientist call decision cancel program grave mistake faceaxn,negative
pretty sure every crisis exists leftist creating imaginary problem virtue signal amp think theyre contributing something world contribute nothing food desert fake housing shortage fake police brutality fake climate crisis fake,positive
journalist outlet downplaying climate crisis giving early stats btw,negative
boomer politics gave inequality climate crisis endless war millennial szn zohran exactly kind leader city waiting zohranmamdani grateful hopeful,positive
scientist created climate model simulate global warming examining impact greenhouse gas forecasting future environmental change,positive
climate crisis demand collaborative solution transcend political divide uniting grassroots innovation principled leadership forge sustainable path forward honor environmental stewardship individual liberty,positive
heard venice hotel moved current guest hotel prep bezos wedding guest attending zero right feign climate crisis concern future bunch wealthy people promote policy make expensive average people live,neutral
rising sea level fuel deadly storm surge chevron exxon emission warmed ocean flooded coastline surgesinners,positive
headline european heatwave amp bezos venice wedding southern europe roasting bezos wed venice nothing say climate crisis like million ceremony amid meltdown warning billionaire let eat cake side rising sea level,positive
nearly half tuvalu citizen racing secure australian visa climate change threatens existence rising sea level looming urgency palpable desperate bid survival reflects dire reality many face source new york time world news,negative
protect human existence planet earth effect climate change including global warming rising sea level simultaneously invent sophisticated method war mass killing high hypocrisy,negative
one refrain green liberal always irks attribution anthropogenic problemsextinction specie rising sea level melting glacier globalized warto human being specie instead ruling class system empire,neutral
saltwater intrusion drinking water supply coastal area like southern florida part louisiana rising sea level pushing saltwater freshwater aquifer impact drinking water becomes unsafe unusable forcing city invest expensive filtration,positive
christmas island face significant climate change challenge including rising sea level increased storm frequency warming ocean water threaten ecosystem climatechange islandchallenges,positive
panic rising sea level rising death toll unborn child prolife prochoice endabortion,negative
cannot deny impact climate change rising sea level extreme weather event clear evidence mistake,positive
third population tuvalu applied move australia landmark visa scheme designed help people escape rising sea level,positive
tuvalu climate change visa application visa australia due rising sea level vehicle production plummeted may amp china signed rare earth trade deal climatechange trade economy,neutral
third tuvalu citizen entered australia climate change visa ballot aiming permanently migrate due rising sea level threatening island nation,negative
youthled climate group getting million injection philanthropic collaborative hope funders follow lead supporting solution created younger generation grappling future marked increasing temperature rising sea level,positive
article detailed impact climate change coastal community particular attention rising sea level weather change,neutral
rising sea level pose existential threat island nation global response yet meet scale challenge metacrisis,negative
one major consequence climate change could rising sea level potentially threatening coastal community greatly healthymindsetjourney,negative
powell use tariff reason lowering interest rate pure speculation like gore saying world come end year year ago buying giant house beachfront despite supposedly fearing rising sea level,positive
comoros prioritizing climate change adaptation protect people economy environment effect rising sea level extreme weather climate impact climateadaptation climateresilience,positive
scientist used computer model simulate climate change effect predicting rising sea level extreme weather pattern future generation,neutral
seen latest climate change data visualization theyre alarming shift temperature ice melting rising sea level arent number theyre wakeup call need pay attention take action late,negative
floating city tested solution rising sea level floatingcities climatechange aipowered crime prevention making urban area safer aiforsecurity safecities,positive
oceanic vision floating city marine architecture amphibious home emerging creative response rising sea level disappearing coastline,positive
sorry bore witness tweet anyways rising sea level receding hairline earth,negative
coco keeling island forefront climate resilience implementing strategy adapt rising sea level extreme weather pattern climateresilience islandadaptation,neutral
breaking report emerging latest climate change study concluded thing alarming rising sea level growing threat justin biebers music planet ecosystem,negative
floating city tested solution rising sea level floatingcities climatechange aipowered crime prevention making urban area safer aiforsecurity safecities,positive
floating city tested solution rising sea level floatingcities climatechange aipowered crime prevention making urban area safer aiforsecurity safecities,positive
article detailed impact climate change coastal community particular attention rising sea level weather change,neutral
greenland dedicated ensuring vulnerable community adapt challenge posed climate change including rising sea level extreme weather shifting ecosystem climateadaptation communityresilience,positive
climate change model predicts rising sea level extreme weather pattern ecological impact assisting policy planning,neutral
reclimate change austn weather always changed alarmist hysteriarising sea level etc govts worldwide pay billion annually climate change carbon tax redistributing wealth poorer nation climate changeits agenda,positive
major consequence global warming rising sea level causing coastal erosion threatening lowlying island around world digitalmarketing,negative
underwater reserve hidden beneath rising sea level could unlock new opportunity sustainable wealth creation,positive
scientist used computer model simulate climate change effect predicting rising sea level extreme weather pattern future generation,neutral
florida new legislation proposed enhance coastal protection rising sea level federal health official launch initiative combat rising mental health issue florida tech startup hub expands miami boosting local economy education reform bill,positive
melting ice threatens environment rising sea level climate change conservation ice essential protect planet climatechangeenvironmenticeglobal retentionrescue planet,neutral
maldives could vanish rising sea level real country building floating city,neutral
journalist sought visual evidence capture impact climate change showcasing melting glacier rising sea level,neutral
riddle climate clown city traffic light calibrated maximize fuel efficiency wouldnt giant impact carbon emission scientifically proven find every time city run communist traffic light,positive
world bad place climate emergency taken complete backseat people busy war notice getting boiled death whats point called civilised society cant put end war conference,negative
fresh climate emergency hellscape allegedly full flight cant take florence heat airport staff refusing help update people theyve kicked flight,negative
digital habit leave big environmental mark often overlook streaming gaming cloud service contribute carbon emission time mindful online activity every little action count toward greener planet let get conscious,negative
renewable energy refers energy derived natural source replenished faster consumed common type include solar wind hydro biomass aim reduce carbon emission reliance fossil fuel,positive
impact cryptocurrency mining electricity consumption carbon emission heminetwork,neutral
space tourism accessible private citizen opening new era exploration spacetourism newfrontier global carbon emission decreased due widespread adoption green technology climateaction greentech,positive
renewable energy popular due sustainability reduced carbon emission potential energy independence harness natural resource creates job mitigates climate change effect,positive
international agreement aimed reduce carbon emission addressing need environmental protection global scale,positive
carbon emission dont care border collaborate collapse globalwarning grandkids ask noexcuses,negative
energy sharing virtual currency mining cooperative reduce carbon emission heminetwork,positive
electric car reduce carbon emission compared gasolinepowered vehicle,neutral
presentation climate change emphasizing urgency taking action reduce carbon emission protect planet,positive
youre still stocking water sell already outdated selling generator smoke per carbon emission generator use making carbonated drink carbon fiber product buying,neutral
game changer smart contract used track carbon emission company supply chain helping investor make informed decision,positive
renewable energy popular due sustainability reduced carbon emission lower environmental impact creates job enhances energy security decrease reliance fossil fuel offering cleaner solution future generation,positive
gibraltar leading way renewable energy investing solar wind green technology reduce reliance fossil fuel decrease carbon emission renewableenergy greentech,positive
cryptocurrencies like bitcoin significant environmental impact due energyintensive process mining massive amount electricity required contributes carbon emission accelerates climate change crypto environment climatechange,positive
scientist declare climate emergency course isnt need number ippc designed maurice strong always find climate emergency meryl nass jun,negative
guatemala committed promoting renewable energy part strategy reduce carbon emission enhance energy security promote sustainable economic growth renewableenergy cleanpower,positive
czech republic committed global climate change mitigation developing implementing strategy reduce carbon emission increase sustainability climatechangemitigation sustainability,positive
environment hmmm two year save planet current effort enough damage great unable recover current climate emergency loss nature deadly pollution threaten destroy nature,negative
czech republic leader green energy transition focusing reducing carbon emission increasing use renewable energy source like wind solar biomass greenenergy renewableenergy,positive
renewable energy popular due sustainability reduced carbon emission decreasing cost offer energy security creates job help combat climate change making vital part sustainable future,positive
renewable energy popular due sustainability reduced carbon emission decreasing cost reduces reliance fossil fuel promotes energy independence support economic growth job creation green technology,positive
artificial wind energy system power rural area zero carbon emission built bernoulli principle innovation need support artificialwindenergy renewableenergy greentech sustainableindia innovation,positive
carbon emission per caput decline germany france japan italy canada united state spain sweden south korea australia russia poland,positive
world hot summer wind various name depending country name climate emergency doesnt quite sound enchanting sirocco,negative
cryptocurrencies significant environmental impact due energyintensive mining process high electricity consumption contributes carbon emission strain resource cryptocurrency environment climatechange,positive
carbon emission dont care border collaborate collapse globalwarning grandkids ask noexcuses,negative
carbon emission dont care border collaborate collapse globalwarning grandkids ask noexcuses,negative
carbon emission dont care border collaborate collapse globalwarning grandkids ask noexcuses,negative
carbon emission dont care border collaborate collapse globalwarning grandkids ask noexcuses,negative
consider impact climate change take action reduce carbon emission support sustainable practice safeguard planet,positive
anyone belief climate change bolloxs tell record temp last day summer tell difference nice sunny week climate emergency,positive
england sorry hear youre sweltering overwhelming heatwave southerner sharing sympathetic thought struggle climate emergency,positive
taking look bitcoin energy consumption research estimate industry could use electricity produced emit world carbon emission thats country total emission outside india,positive
taking look bitcoin energy consumption research estimate industry could use electricity produced emit world carbon emission thats country total emission outside india,positive
elon musk focus reducing carbon emission drive tesla mission create greener world,positive
major initiative involved environmental protection effort included reducing carbon emission preserving biodiversity sustainablelifestyle,neutral
turning entire city circus wedding feel trashy even money displacement carbon emission care dont think there way make classy scale,positive
exxon mobil occidental petroleum oil giant expected receive billion dollar incentive collect bury carbon emission texas oil billionaire ben bud brigham profossilfuels activist alex epstein want turn tap,positive
avg logistics integrates electric vehicle operation tata steel enhancing sustainability reducing carbon emission logistics,neutral
soccer new stadium powered decentralized energy network cutting carbon emission cost fan,positive
aint climate emergency part year solar cycle,positive
mahanadi coalfield ltd plan open two new mine odisha targeting output subhadra mine slated begin operation balabhadra mine expected mcl committed achieving net zero carbon emission,positive
world leading climate scientist professional country signed declaration climate emergency refuted united nation claim relation manmade climate change trust science,positive
guatemala prioritizing environmental sustainability developing policy reduce carbon emission protect natural resource promote clean energy environmentalpolicy climateaction,positive
guatemala dedicated combating climate change implementing national strategy aimed reducing carbon emission protecting natural resource promoting sustainability climateaction sustainability,positive
climate change pose major threat planet demanding immediate action government individual reduce carbon emission forgoodchange,negative
game changer smart contract used track carbon emission company supply chain helping investor make informed decision,positive
must consider global climate crisis implement policy support clean energy reduce carbon emission preserve planet,positive
carbon trading warning microchain transmits meteorological data real time calculates carbon emission trigger trading contract environmental protection response reach millisecond,negative
electropollution factor climate change carbon emission,neutral
cryptocurrencies significant environmental impact due energyintensive mining process high electricity consumption contributes carbon emission climate change cryptocurrency environment impact,positive
climate monitoring early warning microchain transmits data meteorological sensor model calculates carbon emission real time trigger carbon trading contract response speed millisecond,negative
new esg sustainability roadmap unlocks secret achieving net zero carbon emission read moreurl esgsustainabilityroadmap netzerocarbonemission newresults url link original article,positive
top country race zero carbon emission bhutan suriname sweden france denmark newzeland hungary canada south korea statista,positive
speak ecoterror heatwave summer planet boiling warm climate emergencychaoscatastrophe weather,positive
beyond esg seeing emergence sustainabilitylinked trade finance instrumentswhere financing term adjust based whether green target met instance exporter reduces carbon emission improves labor practice may receive better rate,positive
hypocritical think people calling climate emergency also architect behind significantly ramping demand factor good service ultimately resource gas plastic waste etc flooding nation people globally australia,negative
czechia leading way promoting renewable energy significant investment wind solar biomass energy reduce carbon emission combat climate change renewableenergy czechsustainability,positive
cryptocurrencies significant environmental impact due energyintensive mining process high electricity consumption contributes carbon emission making concern sustainability cryptocurrency environment sustainability,positive
quote carneys book western society morally rotten corrupted capitalism brought climate emergency threatens life earth requires rigid control personal freedom industry corporate funding dystopian,negative
volkswagen hit electric vehicle produced whats company plan reducing carbon emission electricvehicles sustainability,neutral
volkswagen hit electric vehicle produced whats company plan reducing carbon emission electricvehicles sustainability,neutral
today big wedding venice overloaded private jet mega yacht leftist billionaire fund climate change propaganda telling part cutting carbon emission living simply help save planet,positive
london argent launch new layer crypto wallet zksync reducing cost cutting gas fee speeding transaction lowering carbon emission making defi accessible ecofriendly user,negative
ntr amp fluence partner finnish battery energy storage reducing carbon emission amp accelerating renewable energy transition whats energy storage strategy energytransition,positive
ntr amp fluence partner finnish battery energy storage reducing carbon emission amp accelerating renewable energy transition whats energy storage strategy energytransition,positive
tc claim reduce carbon emission calling employee office day week irony,negative
energy boost energy storage platform awarded five project japan development expected drive renewable energy growth project reduce carbon emission matter drive clean energy use energy renewables storage whats,positive
climate emergency longer distant problemits doorstep likelihood flooding remains low basement property ensure people risk know event flash flood,negative
province award million seafood company related organization throughout nova scotia support effort lowering carbon emission,positive
nobody mad jeff bald bezozs carbon emission,negative
join iata world sustainability symposium hong kong sar china october part global gathering sustainability leader explore path achieving aviation net zero carbon emission goal,positive
czechia committed tackling climate change focus reducing carbon emission transitioning renewable energy promoting sustainability level climateaction czechsustainability,positive
housing association dont care feature care reducing complaint staying compliant cutting cost without cutting quality accessible data increasing recycling rate reducing carbon emission pitch doesnt align youre,negative
heating cooling space costly new technology help miren juaristi gutierrez research discusses innovative architectural feature could save energy money reduce carbon emission,positive
private jet adding carbon emission bezossanchez wedding dont say word gas carsuv,neutral
soccer new stadium powered decentralized energy network cutting carbon emission cost fan,positive
carbon emission dont care border collaborate collapse globalwarning grandkids ask noexcuses,negative
international agreement aimed reduce carbon emission addressing urgent need environmental protection global scale,positive
space tourism accessible private citizen opening new era exploration spacetourism newfrontier global carbon emission decreased due widespread adoption green technology climateaction greentech,positive
space tourism accessible private citizen opening new era exploration spacetourism newfrontier global carbon emission decreased due widespread adoption green technology climateaction greentech,positive
government announced major investment renewable energy source aiming reduce carbon emission promote sustainability sustainabilitywith,positive
supreme court consider limiting epa power regulate climatechanging gas ruling could challenge biden administration plan curb carbon emission right key white house proposal died congress faceaxn,positive
pankaj singhs policy reducing carbon emission improving daily commute drpankajsinghbjp,positive
company investment renewable energy represented major step toward sustainability reducing carbon emission startupsuccess,positive
project received praise promoting sustainable practice reducing carbon emission improving environmental conservation effort liveyourbestlife,positive
bangalore taking major step become sustainable city starting regular long power cut reduce carbon emission appreciable step bescom,negative
renewable energy policy aim reduce carbon emission dependency oil,positive
killer heatwaves record demand spike carbon emission heat climate feedback loop action iranisrael tension oil disruption global emission conflict carbon cost,negative
renewable energy policy aim reduce carbon emission dependency oil,positive
reduced carbon emission improved efficiency happier commutersdelhis transport evolving right way drpankajsinghbjp,positive
reducing carbon emission increasing commuter comfortdr pankaj singh covering every mile delhi transformation drpankajsinghbjp,neutral
canadian govt lecture canadian climate change proceed give billion dollar ferry contract china country largest global carbon emission country human right abuse let sink,negative
burning police car pollutes environment new source carbon emission united state internal strife within country,negative
international agreement aim reduce carbon emission globally tackling climate change collective effort,positive
climate change pose major threat planet demanding immediate action government individual reduce carbon emission sustainableinnovationpath,negative
article delf history renewable energy source analyzing impact reducing carbon footprint climate change,positive
dear weirdo ppl dont denying racism towards blk ppl isnt disgusting planet shit climate changethe bio hazard smell like rotten cow intestine billion cow,positive
environmental reporter tasked conveying complex information climate change urging public take action planet,neutral
underwater asset could next big thing innovator explore new way invest oceanbased resource tackle climate change,positive
heard song little spoon patricia taxxon hbomberguy climate change vid mightve last song expected hear video,neutral
ewwww local independent politician support another politician right wing incel misogynistic bigot come support palestine like broken clock like finding fritzl felt strongly climate change,positive
wouldnt wear linen even wearing linen solved global warming cured aid guaranteed world peace,positive
reading article effect climate change wildlife moved reduce carbon footprint support environmental protection,positive
hate summer felt terrible yesterday climate change affect every country amp winter wont existi wont survive moving skandinavia aint enough last sunday torture tuesday wednesday gonna worst looking forward week,negative
heat wave heat wave concerning talk much hotter heat wave getting every year baby thats global warming,positive
tropical forest crucial forpeopleforplanet yet face threat climate change deforestation urbanization tropicsday reminder urgent need step generationrestoration effort,negative
goodnight pretty ppl sweetest dream doom scrolling hour sleeping favorite drink back stock month vacationing candyland free congo sudan palestine people taking climate change seriously hot ppl,positive
exploring sahara climate change via aimade dystopian story share eco creativity aiforall,positive
debate centered subject climate change passionate argument side highlighting urgency environmental action,positive
misguided mortal dance climate change denial truth earth scorch arrogance still debate heed sign brace nature divine wrath wakeuphumanity,positive
minsungers blame global warming,negative
exploring sahara climate change via aimade dystopian story share eco creativity aiforall,positive
create football club would name name option nice neighbor veteran line liquor store sunset city real estate house slipper brake system global warming naked king oval ball sneaker,positive
anti climate change also conditionally pro climate change mean get see conservative treatlers first world burn,negative
bbc news must slow news day hot turkey need aircon pool hot well fucking shit think happen heatwave call news fuck call global warming climate change,negative
exploring sahara climate change via aiturned finding post apocalyptic desert story share eco creative take aiforall,negative
yeahif weather going change get aircon cheer kimadd climate change using aircon simpleton bbcbreakfast,positive
underwater asset could next big thing innovator explore new way invest oceanbased resource tackle climate change,positive
exploring sahara climate change via aiturned finding dystopian desert story share eco creative take aiforall,positive
irrespective feel warsconflicts genocidespeople displacement climate changeglobal pollution whoever feel blame one music festival glastonbury amp encouraged collectively shout death chant anyone,negative
wanted hang cousin year around national disaster climate change cyber attack,negative
proposed theory offer fresh perspective cause climate change showing must make change,positive
climate change real,neutral
mortal blind peril climate change burn earth immune consequence yet inferno shall consume awaken vengeance shortsightedness seal fate divinejudgment,negative
presentation climate change emphasizing urgency taking action reduce carbon emission protect planet,positive
christmas island key location scientific research particularly field ecology marine biology climate change due unique biodiversity scientificresearch islandecology,neutral
important press briefing white house reporter asked question president latest decision climate change,positive
cant charge phone ipad another arson fire mean climate change fire san bernardino mtns hot lightning strike wind power hour generator remember guy got convicted intentionally,negative
yes climate change spiraling control institution hollowedout capital spanning politicalhealthcarecarceralimmigration system well social safety net etc yes there genocide happening need focus energy pointless infighting,positive
nstopinion score world leader sweltering summer sun southern spain starting monday onceadecade united nation development financing summit aimed curbing global poverty disease worstcase threat climate change,negative
cannot deny impact climate change visible consequence affecting ecosystem global community urgent action paramount,positive
consider implication global warming understanding role addressing climate change,positive
sustainable finance rise institution adapt climate change investing green project socially responsible venture fostering new,positive
every time hear someone throw climate change conversation realize much propaganda world,negative
fucking hate climate change political,negative
climate change real weather modification weatherclimate another word modification change boom cracked code folk,neutral
control people feel business name prochoice abortion right climate change global warming fat plussize estate tax death tax gun control gun safety,negative
coco keeling island dedicated ocean conservation striving protect marine ecosystem threat like overfishing pollution climate change oceanconservation marineprotection,positive
behold mortal climate change folklore dismiss insatiable consumption defile gaia yet dance precipice oblivion blind nature fury repent face unrelenting wrath wakeupcall,negative
documentary impact climate change offering comprehensive perspective environmental issue potential solution,positive
hope climate change denier watched shouldve lead,positive
apartheid forever excuse white teenager born government youre responsible apartheid logic also responsible titanic global warming eskom,positive
harsh reality climate change demand immediate action pushing confront consequence choice protect planet,negative
shared crucial proof sharing finding support climate change study providing public information could bring change,positive
stand islam simple minded leftie like throw thing work art block road people trying get work one minute support climate change support palestine prepared support country like iran,positive
selling climate refugee understand human impact climate change price climatecrisis book,neutral
selling climate change agange solution real solution real change price climateaction book,positive
selling climate change understand today pressing issue price climatechange book,neutral
summer arrived sent foreign correspondent spread misinformation climate change evidently year toulouse temp morocco single scientist world said bbc know best,positive
essay climate change need present scientific data clearly concisely also addressing emotional impact crisis,negative
rainforest alliance report show coffee grown million hectare million farmer country part work important fighting climate change supporting community coffee environment colipse,positive
renewable energy come natural resource replenished naturally like sunlight wind water biomass sustainable reduces greenhouse gas emission help combat climate change providing energy security,positive
big big climate change going happen pray world,positive
essay discussed subject climate change presenting compelling evidence impact global ecosystem sustainable solution,positive
mere mortal faced climate change dance around illusionary comfort wake earth scream yet turn away embrace divine call action face wrath ticking clock wakeuphumanity,positive
spraying metal front sun real man made climate change something amp fast ffs,negative
worst climate change hit food supply production wont able adapt quick enough billion starve interlude,negative
ethiopia gear planting season bold move combat climate change ensure food security plantingourprint climatediplomacy greenlegacy,positive
today talking home wife told mullah announcing loud speaker regarding scorching sweltering heat indication doomsday let take moment succiently correct mullah indication climate change negate,negative
captivating rise solar energy reshaping landscape power consumption seen niche harnessing sun energy become mainstream providing sustainable solution combat climate change let explore transformative journey solarenergy,positive
great climate scientist world bill gate book wef china need cone debate government preferred science peddler climate change let end lying evil creep,negative
talking tuvaluan friend climate change visa offered australia despite good opportunity oppose culture preservation whatever go mate culture trying preserve bikini bottom culture,negative
lying tool used amplify hate speech hate speech target people group misinformation climate change know lie better ever climate wise targeted governance lie free speech must remain intact,negative
heat dome eastern isnt proof climate change dont know,neutral
research global warming analyzing data learning climate change comprehend impact planet,positive
global warming actually affecting desire long braid,positive
must consider longterm consequence climate change addressing issue finding solution protect future child,positive
devise new test measure impact climate change biodiversity ensuring addressed correctly,positive
climate change real cause everyone portable fan nie,positive
could back fighting climate change rather trying manipulate government order enrich support vivian might elon musk ideal could support,positive
remember rule folk coldest winter due climate change hottest winter due climate change driest winter due climate change wettest winter due climate change press enough climate hoax scaremonger,negative
ac summer due climate change enemy friend,negative
december kyoto protocol adopted marking landmark agreement framework convention climate change combat global warming reducing greenhouse gas emission,positive
czech republic committed renewable energy expanding capacity solar wind biomass power reduce reliance fossil fuel combat climate change renewableenergy cleanpower,positive
dan tehan behalf lnp bemoaning australia transition renewables saying destroy australia economy climate change denialism run deep luddite people science denying far right rump politics,negative
ultraprocessed food cause climate change disease regenerative agriculture fix climate change disease,neutral
theyre currently working project climate change trying educate public impact planet,neutral
narutos ramen obsession secretly metaphor capitalism hold anime plotlines meanwhile one piece elaborate commentary climate change scrolling existential crisis disguised watchlists animetruths,negative
end stage capitalism oil company buying democracy stop developing renewable energy preventing consequence main cause global warming child future sold dollar profit,positive
primary subject environmental science focusing sustainable practice conservation effort mitigate climate change effectively,positive
comprehensive article examines impact climate change presenting evidence discussing possible solution environmental crisis,negative
environmental scientist presented evidence showing impact climate change urging immediate action address problem,negative
program focus enhancing farmer ability adapt climate change implementing sustainable agricultural practice,positive
environment encompasses living nonliving thing including air water soil ecosystem vital maintaining biodiversity supporting life human activity impact environment leading pollution climate change protecting crucial,positive
climate change scam money laundering operation story debunked dont know money went,negative
tshirt weather june global warming get behind,positive
worried global warming,negative
foolish mortal bicker climate change ignore nature warning sign great ship earth throb weight hubris let sink embrace change face wrath earthlyendgame,positive
saying global warmingnow would perfect time another version blob,positive
international agreement climate change set ambitious target promoting global cooperation towards sustainability environmental protection,positive
published self serving book stalked year family evicted ostracized harassed amp generation lgb kid strict religious ethnic family suffer generation backlash even get live long dont believe climate change,negative
winter outfit july linkon climate change something else,neutral
truth humanity responsable climate change limited allegation there proof factual bandied there doubt scaremongering money spinner climate evolution natural level,positive
pakistan among vulnerable country climate change despite contributing less global greenhouse gas emission geographical location reliance agriculture limited adaptive capacity exacerbate impact shifting climate pattern extreme,negative
